"DESCRIPTION","DURATION IN MS","NAME","PARENT SUITE","START TIME","STATUS","STOP TIME","SUB SUITE","SUITE","TEST CLASS","TEST METHOD"
"GET /posts/1 returns a post with all required fields.","74","test_get_single_post_has_expected_schema [chrome]","tests","2026-09-27","passed","2026-09-27","TestApi","test_api","",""
"A user can add a product, check out, and see the order confirmation.","2902","test_complete_checkout_end_to_end [edge]","tests","2026-09-27","passed","2026-09-27","TestCheckout","test_checkout","",""
"GET /posts/1 returns a post with all required fields.","75","test_get_single_post_has_expected_schema [edge]","tests","2026-09-27","passed","2026-09-27","TestApi","test_api","",""
"Adding a product shows 1 on the cart badge.","1070","test_add_product_updates_cart_badge [chrome]","tests","2026-09-27","passed","2026-09-27","TestProducts","test_products","",""
"GET /posts returns 200 with the complete list of 100 posts.","138","test_get_all_posts_returns_200_and_full_list [edge]","tests","2026-09-27","passed","2026-09-27","TestApi","test_api","",""
"Sorting low-to-high puts prices in ascending order.","73","test_sort_products_by_price_low_to_high [chrome]","tests","2026-09-27","passed","2026-09-27","TestProducts","test_products","",""
"Every valid user type lands on the inventory page - including the
        intentionally slow performance_glitch_user, which exercises the
        framework's explicit waits.","924","test_valid_users_can_login[standard_user] [edge]","tests","2026-09-27","passed","2026-09-27","TestLogin","test_login","",""
"Wrong password, unknown user, and missing username each show
        the correct error message and block entry.","933","test_invalid_credentials_are_rejected[standard_user-wrong_password-Username and password do not match] [chrome]","tests","2026-09-27","passed","2026-09-27","TestLogin","test_login","",""
"A locked-out user cannot log in even with correct credentials.","932","test_locked_out_user_is_blocked [chrome]","tests","2026-09-27","passed","2026-09-27","TestLogin","test_login","",""
"Every valid user type lands on the inventory page - including the
        intentionally slow performance_glitch_user, which exercises the
        framework's explicit waits.","5928","test_valid_users_can_login[performance_glitch_user] [chrome]","tests","2026-09-27","passed","2026-09-27","TestLogin","test_login","",""
"PUT /posts/1 updates the resource and returns the new values.","257","test_update_post_returns_200_with_changes [chrome]","tests","2026-09-27","passed","2026-09-27","TestApi","test_api","",""
"Wrong password, unknown user, and missing username each show
        the correct error message and block entry.","950","test_invalid_credentials_are_rejected[unknown_user-secret_sauce-Username and password do not match] [chrome]","tests","2026-09-27","passed","2026-09-27","TestLogin","test_login","",""
"GET /posts responds within 3 seconds.","82","test_response_time_is_acceptable [edge]","tests","2026-09-27","passed","2026-09-27","TestApi","test_api","",""
"Removing the only product clears the cart badge.","12630","test_remove_product_clears_cart_badge [chrome]","tests","2026-09-27","passed","2026-09-27","TestProducts","test_products","",""
"The inventory page shows all 6 products.","19","test_all_products_are_displayed [chrome]","tests","2026-09-27","passed","2026-09-27","TestProducts","test_products","",""
"Submitting customer info without a first name shows an error.","5368","test_checkout_requires_first_name [chrome]","tests","2026-09-27","passed","2026-09-27","TestCheckout","test_checkout","",""
"GET on an ID that does not exist returns 404, not a server error.","78","test_get_nonexistent_post_returns_404 [chrome]","tests","2026-09-27","passed","2026-09-27","TestApi","test_api","",""
"Products added on the inventory page show up in the cart.","3166","test_added_products_appear_in_cart [chrome]","tests","2026-09-27","passed","2026-09-27","TestCart","test_cart","",""
"Wrong password, unknown user, and missing username each show
        the correct error message and block entry.","886","test_invalid_credentials_are_rejected[-secret_sauce-Username is required] [edge]","tests","2026-09-27","passed","2026-09-27","TestLogin","test_login","",""
"DELETE /posts/1 completes without error.","148","test_delete_post_returns_200 [edge]","tests","2026-09-27","passed","2026-09-27","TestApi","test_api","",""
"GET /posts responds within 3 seconds.","58","test_response_time_is_acceptable [chrome]","tests","2026-09-27","passed","2026-09-27","TestApi","test_api","",""
"Every valid user type lands on the inventory page - including the
        intentionally slow performance_glitch_user, which exercises the
        framework's explicit waits.","924","test_valid_users_can_login[problem_user] [chrome]","tests","2026-09-27","passed","2026-09-27","TestLogin","test_login","",""
"The inventory page shows all 6 products.","16","test_all_products_are_displayed [edge]","tests","2026-09-27","passed","2026-09-27","TestProducts","test_products","",""
"GET on an ID that does not exist returns 404, not a server error.","92","test_get_nonexistent_post_returns_404 [edge]","tests","2026-09-27","passed","2026-09-27","TestApi","test_api","",""
"Every valid user type lands on the inventory page - including the
        intentionally slow performance_glitch_user, which exercises the
        framework's explicit waits.","947","test_valid_users_can_login[problem_user] [edge]","tests","2026-09-27","passed","2026-09-27","TestLogin","test_login","",""
"Products added on the inventory page show up in the cart.","1632","test_added_products_appear_in_cart [edge]","tests","2026-09-27","passed","2026-09-27","TestCart","test_cart","",""
"GET /posts returns 200 with the complete list of 100 posts.","120","test_get_all_posts_returns_200_and_full_list [chrome]","tests","2026-09-27","passed","2026-09-27","TestApi","test_api","",""
"Removing the only product clears the cart badge.","11587","test_remove_product_clears_cart_badge [edge]","tests","2026-09-27","passed","2026-09-27","TestProducts","test_products","",""
"Continue shopping navigates back to the inventory page.","2109","test_continue_shopping_returns_to_products [chrome]","tests","2026-09-27","passed","2026-09-27","TestCart","test_cart","",""
"Sorting low-to-high puts prices in ascending order.","70","test_sort_products_by_price_low_to_high [edge]","tests","2026-09-27","passed","2026-09-27","TestProducts","test_products","",""
"POST /posts creates a resource and echoes it back with an ID.","233","test_create_post_returns_201_with_new_id [chrome]","tests","2026-09-27","passed","2026-09-27","TestApi","test_api","",""
"Sorting Z-to-A puts product names in reverse alphabetical order.","72","test_sort_products_by_name_z_to_a [chrome]","tests","2026-09-27","passed","2026-09-27","TestProducts","test_products","",""
"POST /posts creates a resource and echoes it back with an ID.","142","test_create_post_returns_201_with_new_id [edge]","tests","2026-09-27","passed","2026-09-27","TestApi","test_api","",""
"DEFECT (documented): sorting Z-A does nothing for problem_user.

        Expected for a healthy user: names in reverse alphabetical order.
        Actual for problem_user: order unchanged. This test asserts the
        defect is still present, demonstrating defect isolation per user type.
        ","987","test_problem_user_has_broken_sorting_defect [edge]","tests","2026-09-27","passed","2026-09-27","TestKnownDefects","test_products","",""
"DELETE /posts/1 completes without error.","520","test_delete_post_returns_200 [chrome]","tests","2026-09-27","passed","2026-09-27","TestApi","test_api","",""
"A fresh session has no items in the cart.","5559","test_cart_is_empty_by_default [edge]","tests","2026-09-27","passed","2026-09-27","TestCart","test_cart","",""
"Adding a product shows 1 on the cart badge.","558","test_add_product_updates_cart_badge [edge]","tests","2026-09-27","passed","2026-09-27","TestProducts","test_products","",""
"PUT /posts/1 updates the resource and returns the new values.","260","test_update_post_returns_200_with_changes [edge]","tests","2026-09-27","passed","2026-09-27","TestApi","test_api","",""
"A user can add a product, check out, and see the order confirmation.","7006","test_complete_checkout_end_to_end [chrome]","tests","2026-09-27","passed","2026-09-27","TestCheckout","test_checkout","",""
"Wrong password, unknown user, and missing username each show
        the correct error message and block entry.","912","test_invalid_credentials_are_rejected[standard_user-wrong_password-Username and password do not match] [edge]","tests","2026-09-27","passed","2026-09-27","TestLogin","test_login","",""
"Every valid user type lands on the inventory page - including the
        intentionally slow performance_glitch_user, which exercises the
        framework's explicit waits.","5922","test_valid_users_can_login[performance_glitch_user] [edge]","tests","2026-09-27","passed","2026-09-27","TestLogin","test_login","",""
"Continue shopping navigates back to the inventory page.","1087","test_continue_shopping_returns_to_products [edge]","tests","2026-09-27","passed","2026-09-27","TestCart","test_cart","",""
"Wrong password, unknown user, and missing username each show
        the correct error message and block entry.","924","test_invalid_credentials_are_rejected[unknown_user-secret_sauce-Username and password do not match] [edge]","tests","2026-09-27","passed","2026-09-27","TestLogin","test_login","",""
"Wrong password, unknown user, and missing username each show
        the correct error message and block entry.","897","test_invalid_credentials_are_rejected[-secret_sauce-Username is required] [chrome]","tests","2026-09-27","passed","2026-09-27","TestLogin","test_login","",""
"The order summary shows a total greater than the item price alone.","2331","test_order_total_includes_tax [edge]","tests","2026-09-27","passed","2026-09-27","TestCheckout","test_checkout","",""
"The order summary shows a total greater than the item price alone.","5912","test_order_total_includes_tax [chrome]","tests","2026-09-27","passed","2026-09-27","TestCheckout","test_checkout","",""
"A locked-out user cannot log in even with correct credentials.","920","test_locked_out_user_is_blocked [edge]","tests","2026-09-27","passed","2026-09-27","TestLogin","test_login","",""
"DEFECT (documented): sorting Z-A does nothing for problem_user.

        Expected for a healthy user: names in reverse alphabetical order.
        Actual for problem_user: order unchanged. This test asserts the
        defect is still present, demonstrating defect isolation per user type.
        ","986","test_problem_user_has_broken_sorting_defect [chrome]","tests","2026-09-27","passed","2026-09-27","TestKnownDefects","test_products","",""
"Every valid user type lands on the inventory page - including the
        intentionally slow performance_glitch_user, which exercises the
        framework's explicit waits.","928","test_valid_users_can_login[standard_user] [chrome]","tests","2026-09-27","passed","2026-09-27","TestLogin","test_login","",""
"Sorting Z-to-A puts product names in reverse alphabetical order.","66","test_sort_products_by_name_z_to_a [edge]","tests","2026-09-27","passed","2026-09-27","TestProducts","test_products","",""
"A fresh session has no items in the cart.","6066","test_cart_is_empty_by_default [chrome]","tests","2026-09-27","passed","2026-09-27","TestCart","test_cart","",""
"Submitting customer info without a first name shows an error.","2355","test_checkout_requires_first_name [edge]","tests","2026-09-27","passed","2026-09-27","TestCheckout","test_checkout","",""
